StudyHours,Attendance,PastScore,Internet,SleepHours,Passed
7,98,45,Yes,6,No
4,42,65,No,5,Yes
6,84,57,Yes,5,Yes
7,65,71,Yes,7,No
5,77,50,No,8,Yes
5,92,50,No,3,No
3,52,50,Yes,7,Yes
4,60,74,No,5,No
5,58,67,Yes,7,Yes
4,78,46,No,7,No
1,42,66,Yes,6,Yes
5,95,61,Yes,6,Yes
5,64,48,No,5,No
8,78,43,No,4,No
9,88,85,Yes,7,Yes
2,95,50,Yes,6,Yes
7,70,64,No,6,No
7,,53,Yes,6,Yes
3,65,75,Yes,8,Yes
2,81,27,No,4,No
7,58,46,Yes,5,No
7,80,64,No,4,Yes
4,60,71,Yes,8,Yes
10,91,65,Yes,6,No
8,77,67,No,5,Yes
5,64,30,No,6,No
3,97,75,Yes,5,Yes
2,78,58,No,8,No
1,59,68,Yes,7,Yes
1,98,33,No,7,No
1,85,61,Yes,5,Yes
6,82,66,Yes,4,Yes
1,53,57,No,6,No
9,68,41,No,8,No
2,96,74,Yes,7,Yes
10,67,53,Yes,8,Yes
6,40,74,No,4,No
2,92,84,Yes,6,Yes
6,59,60,Yes,6,Yes
5,90,53,No,5,No
5,91,49,Yes,8,No
7,89,67,No,7,Yes
3,60,64,Yes,10,Yes
1,56,69,Yes,5,No
4,39,59,No,,Yes
1,90,56,No,5,No
10,88,70,Yes,4,Yes
7,60,45,No,5,No
7,85,77,Yes,6,Yes
3,85,52,No,5,No
1,57,72,Yes,7,Yes
6,85,76,Yes,7,Yes
9,48,27,No,5,No
7,91,51,No,5,No
5,80,64,Yes,6,Yes
8,77,55,Yes,7,Yes
6,81,57,No,8,No
6,100,76,Yes,8,Yes
4,98,60,Yes,9,Yes
3,50,60,No,3,No
5,76,51,Yes,5,No
6,84,64,No,5,Yes
9,91,52,Yes,8,Yes
9,,67,Yes,4,No
10,64,62,No,5,Yes
6,55,51,No,5,No
2,100,61,Yes,5,Yes
7,68,48,No,4,No
5,77,72,Yes,8,Yes
8,76,31,No,7,No
9,58,49,Yes,7,Yes
5,50,81,Yes,7,Yes
8,40,52,No,6,No
1,64,54,No,6,No
6,97,77,Yes,7,Yes
4,49,58,Yes,7,Yes
2,55,58,No,9,No
2,53,77,Yes,8,Yes
5,86,62,Yes,6,Yes
7,83,57,No,6,No
2,92,60,Yes,8,No
9,84,47,No,4,Yes
7,63,68,Yes,8,Yes
6,91,70,Yes,3,No
2,68,55,No,7,Yes
5,92,50,No,6,No
3,61,52,Yes,7,Yes
9,58,51,No,7,No
2,94,59,Yes,8,Yes
4,88,34,No,8,No
1,89,54,Yes,8,Yes
8,53,71,Yes,8,Yes
1,60,36,No,6,No
3,55,58,No,4,No
4,98,83,Yes,10,Yes
4,56,72,Yes,6,Yes
10,40,51,No,6,No
8,82,80,Yes,6,Yes
1,56,56,Yes,8,Yes
10,53,57,No,4,No
6,98,32,Yes,7,No
8,68,63,No,7,Yes
7,70,51,Yes,6,Yes
8,95,41,Yes,8,No
8,66,69,No,7,Yes
6,96,51,No,4,No
4,85,64,Yes,6,Yes
1,97,75,No,6,No
3,95,77,Yes,8,Yes
2,67,42,No,,No
4,78,62,Yes,6,Yes
10,53,69,Yes,8,Yes
4,83,27,No,7,No
8,89,62,No,5,No
3,64,80,Yes,5,Yes
3,93,76,Yes,5,Yes
4,80,70,No,5,No
5,75,82,Yes,7,Yes
4,50,80,Yes,10,Yes
8,79,29,No,4,No
